{
  "project_info": {
    "project_number": "930305351644",
    "project_id": "practica2-96fe3",
    "storage_bucket": "practica2-96fe3.appspot.com"
  },
  "client": [
    {
      "client_info": {
        "mobilesdk_app_id": "1:930305351644:android:1f642fb0d9f0e031063919",
        "android_client_info": {
          "package_name": "com.example.practica2tenipuclla"
        }
      },
      "oauth_client": [],
      "api_key": [
        {
          "current_key": "AIzaSyDGE-4HJPaf7EcOujCq2WpGHKQDVndy8jI"
        }
      ],
      "services": {
        "appinvite_service": {
          "other_platform_oauth_client": []
        }
      }
    }
  ],
  "configuration_version": "1"
}